<?xml version="1.0" encoding="utf-8" standalone="yes"?>
<rss version="2.0" xmlns:atom="http://www.w3.org/2005/Atom">
  <channel>
    <title>markdown on JerrysBlog</title>
    <link>https://Jerrysmd.github.io/tags/markdown/</link>
    <description>Recent content in markdown on JerrysBlog</description>
    <generator>Hugo -- gohugo.io</generator>
    <lastBuildDate>Fri, 02 Oct 2020 00:00:00 +0000</lastBuildDate><atom:link href="https://Jerrysmd.github.io/tags/markdown/index.xml" rel="self" type="application/rss+xml" />
    <item>
      <title>Markdown语法: Markdown Syntax Guide</title>
      <link>https://Jerrysmd.github.io/post/20201002markdown-syntax/</link>
      <pubDate>Fri, 02 Oct 2020 00:00:00 +0000</pubDate>
      
      <guid>https://Jerrysmd.github.io/post/20201002markdown-syntax/</guid>
      <description>
        
          &lt;p&gt;This article offers a sample of basic Markdown syntax that can be used in Hugo content files, also it shows whether basic HTML elements are decorated with CSS in a Hugo theme.&lt;/p&gt;
&lt;h2 id=&#34;headings&#34;&gt;Headings&lt;/h2&gt;
&lt;p&gt;The following HTML &lt;code&gt;&amp;lt;h1&amp;gt;&lt;/code&gt;—&lt;code&gt;&amp;lt;h6&amp;gt;&lt;/code&gt; elements represent six levels of section headings. &lt;code&gt;&amp;lt;h1&amp;gt;&lt;/code&gt; is the highest section level while &lt;code&gt;&amp;lt;h6&amp;gt;&lt;/code&gt; is the lowest.&lt;/p&gt;
&lt;h1 id=&#34;h1&#34;&gt;H1&lt;/h1&gt;
&lt;h2 id=&#34;h2&#34;&gt;H2&lt;/h2&gt;
&lt;h3 id=&#34;h3&#34;&gt;H3&lt;/h3&gt;
&lt;h4 id=&#34;h4&#34;&gt;H4&lt;/h4&gt;
&lt;h5 id=&#34;h5&#34;&gt;H5&lt;/h5&gt;
&lt;h6 id=&#34;h6&#34;&gt;H6&lt;/h6&gt;
&lt;h2 id=&#34;paragraph&#34;&gt;Paragraph&lt;/h2&gt;
&lt;p&gt;Xerum, quo qui aut unt expliquam qui dolut labo. Aque venitatiusda cum, voluptionse latur sitiae dolessi aut parist aut dollo enim qui voluptate ma dolestendit peritin re plis aut quas inctum laceat est volestemque commosa as cus endigna tectur, offic to cor sequas etum rerum idem sintibus eiur? Quianimin porecus evelectur, cum que nis nust voloribus ratem aut omnimi, sitatur? Quiatem. Nam, omnis sum am facea corem alique molestrunt et eos evelece arcillit ut aut eos eos nus, sin conecerem erum fuga. Ri oditatquam, ad quibus unda veliamenimin cusam et facea ipsamus es exerum sitate dolores editium rerore eost, temped molorro ratiae volorro te reribus dolorer sperchicium faceata tiustia prat.&lt;/p&gt;
&lt;p&gt;Itatur? Quiatae cullecum rem ent aut odis in re eossequodi nonsequ idebis ne sapicia is sinveli squiatum, core et que aut hariosam ex eat.&lt;/p&gt;
&lt;h2 id=&#34;blockquotes&#34;&gt;Blockquotes&lt;/h2&gt;
&lt;p&gt;The blockquote element represents content that is quoted from another source, optionally with a citation which must be within a &lt;code&gt;footer&lt;/code&gt; or &lt;code&gt;cite&lt;/code&gt; element, and optionally with in-line changes such as annotations and abbreviations.&lt;/p&gt;
&lt;h4 id=&#34;blockquote-without-attribution&#34;&gt;Blockquote without attribution&lt;/h4&gt;
&lt;blockquote&gt;
&lt;p&gt;Tiam, ad mint andaepu dandae nostion secatur sequo quae.
&lt;strong&gt;Note&lt;/strong&gt; that you can use &lt;em&gt;Markdown syntax&lt;/em&gt; within a blockquote.&lt;/p&gt;
&lt;/blockquote&gt;
&lt;h4 id=&#34;blockquote-with-attribution&#34;&gt;Blockquote with attribution&lt;/h4&gt;
&lt;blockquote&gt;
&lt;p&gt;Don&#39;t communicate by sharing memory, share memory by communicating.&lt;br&gt;
— &lt;cite&gt;Rob Pike&lt;sup id=&#34;fnref:1&#34;&gt;&lt;a href=&#34;#fn:1&#34; class=&#34;footnote-ref&#34; role=&#34;doc-noteref&#34;&gt;1&lt;/a&gt;&lt;/sup&gt;&lt;/cite&gt;&lt;/p&gt;
&lt;/blockquote&gt;
&lt;h2 id=&#34;tables&#34;&gt;Tables&lt;/h2&gt;
&lt;p&gt;Tables aren&#39;t part of the core Markdown spec, but Hugo supports supports them out-of-the-box.&lt;/p&gt;
&lt;table&gt;
&lt;thead&gt;
&lt;tr&gt;
&lt;th&gt;Name&lt;/th&gt;
&lt;th&gt;Age&lt;/th&gt;
&lt;/tr&gt;
&lt;/thead&gt;
&lt;tbody&gt;
&lt;tr&gt;
&lt;td&gt;Bob&lt;/td&gt;
&lt;td&gt;27&lt;/td&gt;
&lt;/tr&gt;
&lt;tr&gt;
&lt;td&gt;Alice&lt;/td&gt;
&lt;td&gt;23&lt;/td&gt;
&lt;/tr&gt;
&lt;/tbody&gt;
&lt;/table&gt;
&lt;h4 id=&#34;inline-markdown-within-tables&#34;&gt;Inline Markdown within tables&lt;/h4&gt;
&lt;table&gt;
&lt;thead&gt;
&lt;tr&gt;
&lt;th&gt;Italics&lt;/th&gt;
&lt;th&gt;Bold&lt;/th&gt;
&lt;th&gt;Code&lt;/th&gt;
&lt;/tr&gt;
&lt;/thead&gt;
&lt;tbody&gt;
&lt;tr&gt;
&lt;td&gt;&lt;em&gt;italics&lt;/em&gt;&lt;/td&gt;
&lt;td&gt;&lt;strong&gt;bold&lt;/strong&gt;&lt;/td&gt;
&lt;td&gt;&lt;code&gt;code&lt;/code&gt;&lt;/td&gt;
&lt;/tr&gt;
&lt;/tbody&gt;
&lt;/table&gt;
&lt;h2 id=&#34;code-blocks&#34;&gt;Code Blocks&lt;/h2&gt;
&lt;h4 id=&#34;code-block-with-backticks&#34;&gt;Code block with backticks&lt;/h4&gt;
&lt;div class=&#34;highlight&#34;&gt;&lt;pre class=&#34;chroma&#34;&gt;&lt;code class=&#34;language-html&#34; data-lang=&#34;html&#34;&gt;&lt;span class=&#34;ln&#34;&gt; 1&lt;/span&gt;&lt;span class=&#34;cp&#34;&gt;&amp;lt;!doctype html&amp;gt;&lt;/span&gt;
&lt;span class=&#34;ln&#34;&gt; 2&lt;/span&gt;&lt;span class=&#34;p&#34;&gt;&amp;lt;&lt;/span&gt;&lt;span class=&#34;nt&#34;&gt;html&lt;/span&gt; &lt;span class=&#34;na&#34;&gt;lang&lt;/span&gt;&lt;span class=&#34;o&#34;&gt;=&lt;/span&gt;&lt;span class=&#34;s&#34;&gt;&amp;#34;en&amp;#34;&lt;/span&gt;&lt;span class=&#34;p&#34;&gt;&amp;gt;&lt;/span&gt;
&lt;span class=&#34;ln&#34;&gt; 3&lt;/span&gt;&lt;span class=&#34;p&#34;&gt;&amp;lt;&lt;/span&gt;&lt;span class=&#34;nt&#34;&gt;head&lt;/span&gt;&lt;span class=&#34;p&#34;&gt;&amp;gt;&lt;/span&gt;
&lt;span class=&#34;ln&#34;&gt; 4&lt;/span&gt;  &lt;span class=&#34;p&#34;&gt;&amp;lt;&lt;/span&gt;&lt;span class=&#34;nt&#34;&gt;meta&lt;/span&gt; &lt;span class=&#34;na&#34;&gt;charset&lt;/span&gt;&lt;span class=&#34;o&#34;&gt;=&lt;/span&gt;&lt;span class=&#34;s&#34;&gt;&amp;#34;utf-8&amp;#34;&lt;/span&gt;&lt;span class=&#34;p&#34;&gt;&amp;gt;&lt;/span&gt;
&lt;span class=&#34;ln&#34;&gt; 5&lt;/span&gt;  &lt;span class=&#34;p&#34;&gt;&amp;lt;&lt;/span&gt;&lt;span class=&#34;nt&#34;&gt;title&lt;/span&gt;&lt;span class=&#34;p&#34;&gt;&amp;gt;&lt;/span&gt;Example HTML5 Document&lt;span class=&#34;p&#34;&gt;&amp;lt;/&lt;/span&gt;&lt;span class=&#34;nt&#34;&gt;title&lt;/span&gt;&lt;span class=&#34;p&#34;&gt;&amp;gt;&lt;/span&gt;
&lt;span class=&#34;ln&#34;&gt; 6&lt;/span&gt;&lt;span class=&#34;p&#34;&gt;&amp;lt;/&lt;/span&gt;&lt;span class=&#34;nt&#34;&gt;head&lt;/span&gt;&lt;span class=&#34;p&#34;&gt;&amp;gt;&lt;/span&gt;
&lt;span class=&#34;ln&#34;&gt; 7&lt;/span&gt;&lt;span class=&#34;p&#34;&gt;&amp;lt;&lt;/span&gt;&lt;span class=&#34;nt&#34;&gt;body&lt;/span&gt;&lt;span class=&#34;p&#34;&gt;&amp;gt;&lt;/span&gt;
&lt;span class=&#34;ln&#34;&gt; 8&lt;/span&gt;  &lt;span class=&#34;p&#34;&gt;&amp;lt;&lt;/span&gt;&lt;span class=&#34;nt&#34;&gt;p&lt;/span&gt;&lt;span class=&#34;p&#34;&gt;&amp;gt;&lt;/span&gt;Test&lt;span class=&#34;p&#34;&gt;&amp;lt;/&lt;/span&gt;&lt;span class=&#34;nt&#34;&gt;p&lt;/span&gt;&lt;span class=&#34;p&#34;&gt;&amp;gt;&lt;/span&gt;
&lt;span class=&#34;ln&#34;&gt; 9&lt;/span&gt;&lt;span class=&#34;p&#34;&gt;&amp;lt;/&lt;/span&gt;&lt;span class=&#34;nt&#34;&gt;body&lt;/span&gt;&lt;span class=&#34;p&#34;&gt;&amp;gt;&lt;/span&gt;
&lt;span class=&#34;ln&#34;&gt;10&lt;/span&gt;&lt;span class=&#34;c&#34;&gt;&amp;lt;!-- this line is extraneous 2Error from server (Forbidden): deployments.apps is forbidden: User &amp;#34;chiptest&amp;#34; cannot create resource &amp;#34;deployments&amp;#34; in API group &amp;#34;apps&amp;#34; in the namespace &amp;#34;default&amp;#34; --&amp;gt;&lt;/span&gt;
&lt;span class=&#34;ln&#34;&gt;11&lt;/span&gt;&lt;span class=&#34;p&#34;&gt;&amp;lt;/&lt;/span&gt;&lt;span class=&#34;nt&#34;&gt;html&lt;/span&gt;&lt;span class=&#34;p&#34;&gt;&amp;gt;&lt;/span&gt;
&lt;/code&gt;&lt;/pre&gt;&lt;/div&gt;&lt;h4 id=&#34;code-block-indented-with-four-spaces&#34;&gt;Code block indented with four spaces&lt;/h4&gt;
&lt;pre&gt;&lt;code&gt;&amp;lt;!doctype html&amp;gt;
&amp;lt;html lang=&amp;quot;en&amp;quot;&amp;gt;
&amp;lt;head&amp;gt;
  &amp;lt;meta charset=&amp;quot;utf-8&amp;quot;&amp;gt;
  &amp;lt;title&amp;gt;Example HTML5 Document&amp;lt;/title&amp;gt;
&amp;lt;/head&amp;gt;
&amp;lt;body&amp;gt;
  &amp;lt;p&amp;gt;Test&amp;lt;/p&amp;gt;
&amp;lt;/body&amp;gt;
&amp;lt;/html&amp;gt;
&lt;/code&gt;&lt;/pre&gt;
&lt;h4 id=&#34;code-block-with-hugos-internal-highlight-shortcode&#34;&gt;Code block with Hugo&#39;s internal highlight shortcode&lt;/h4&gt;
&lt;div class=&#34;highlight&#34;&gt;&lt;pre class=&#34;chroma&#34;&gt;&lt;code class=&#34;language-html&#34; data-lang=&#34;html&#34;&gt;&lt;span class=&#34;ln&#34;&gt; 1&lt;/span&gt;&lt;span class=&#34;cp&#34;&gt;&amp;lt;!doctype html&amp;gt;&lt;/span&gt;
&lt;span class=&#34;ln&#34;&gt; 2&lt;/span&gt;&lt;span class=&#34;p&#34;&gt;&amp;lt;&lt;/span&gt;&lt;span class=&#34;nt&#34;&gt;html&lt;/span&gt; &lt;span class=&#34;na&#34;&gt;lang&lt;/span&gt;&lt;span class=&#34;o&#34;&gt;=&lt;/span&gt;&lt;span class=&#34;s&#34;&gt;&amp;#34;en&amp;#34;&lt;/span&gt;&lt;span class=&#34;p&#34;&gt;&amp;gt;&lt;/span&gt;
&lt;span class=&#34;ln&#34;&gt; 3&lt;/span&gt;&lt;span class=&#34;p&#34;&gt;&amp;lt;&lt;/span&gt;&lt;span class=&#34;nt&#34;&gt;head&lt;/span&gt;&lt;span class=&#34;p&#34;&gt;&amp;gt;&lt;/span&gt;
&lt;span class=&#34;ln&#34;&gt; 4&lt;/span&gt;  &lt;span class=&#34;p&#34;&gt;&amp;lt;&lt;/span&gt;&lt;span class=&#34;nt&#34;&gt;meta&lt;/span&gt; &lt;span class=&#34;na&#34;&gt;charset&lt;/span&gt;&lt;span class=&#34;o&#34;&gt;=&lt;/span&gt;&lt;span class=&#34;s&#34;&gt;&amp;#34;utf-8&amp;#34;&lt;/span&gt;&lt;span class=&#34;p&#34;&gt;&amp;gt;&lt;/span&gt;
&lt;span class=&#34;ln&#34;&gt; 5&lt;/span&gt;  &lt;span class=&#34;p&#34;&gt;&amp;lt;&lt;/span&gt;&lt;span class=&#34;nt&#34;&gt;title&lt;/span&gt;&lt;span class=&#34;p&#34;&gt;&amp;gt;&lt;/span&gt;Example HTML5 Document&lt;span class=&#34;p&#34;&gt;&amp;lt;/&lt;/span&gt;&lt;span class=&#34;nt&#34;&gt;title&lt;/span&gt;&lt;span class=&#34;p&#34;&gt;&amp;gt;&lt;/span&gt;
&lt;span class=&#34;ln&#34;&gt; 6&lt;/span&gt;&lt;span class=&#34;p&#34;&gt;&amp;lt;/&lt;/span&gt;&lt;span class=&#34;nt&#34;&gt;head&lt;/span&gt;&lt;span class=&#34;p&#34;&gt;&amp;gt;&lt;/span&gt;
&lt;span class=&#34;ln&#34;&gt; 7&lt;/span&gt;&lt;span class=&#34;p&#34;&gt;&amp;lt;&lt;/span&gt;&lt;span class=&#34;nt&#34;&gt;body&lt;/span&gt;&lt;span class=&#34;p&#34;&gt;&amp;gt;&lt;/span&gt;
&lt;span class=&#34;ln&#34;&gt; 8&lt;/span&gt;  &lt;span class=&#34;p&#34;&gt;&amp;lt;&lt;/span&gt;&lt;span class=&#34;nt&#34;&gt;p&lt;/span&gt;&lt;span class=&#34;p&#34;&gt;&amp;gt;&lt;/span&gt;Test&lt;span class=&#34;p&#34;&gt;&amp;lt;/&lt;/span&gt;&lt;span class=&#34;nt&#34;&gt;p&lt;/span&gt;&lt;span class=&#34;p&#34;&gt;&amp;gt;&lt;/span&gt;
&lt;span class=&#34;ln&#34;&gt; 9&lt;/span&gt;&lt;span class=&#34;p&#34;&gt;&amp;lt;/&lt;/span&gt;&lt;span class=&#34;nt&#34;&gt;body&lt;/span&gt;&lt;span class=&#34;p&#34;&gt;&amp;gt;&lt;/span&gt;
&lt;span class=&#34;ln&#34;&gt;10&lt;/span&gt;&lt;span class=&#34;p&#34;&gt;&amp;lt;/&lt;/span&gt;&lt;span class=&#34;nt&#34;&gt;html&lt;/span&gt;&lt;span class=&#34;p&#34;&gt;&amp;gt;&lt;/span&gt;&lt;/code&gt;&lt;/pre&gt;&lt;/div&gt;
&lt;h2 id=&#34;list-types&#34;&gt;List Types&lt;/h2&gt;
&lt;h4 id=&#34;ordered-list&#34;&gt;Ordered List&lt;/h4&gt;
&lt;ol&gt;
&lt;li&gt;First item&lt;/li&gt;
&lt;li&gt;Second item&lt;/li&gt;
&lt;li&gt;Third item&lt;/li&gt;
&lt;/ol&gt;
&lt;h4 id=&#34;unordered-list&#34;&gt;Unordered List&lt;/h4&gt;
&lt;ul&gt;
&lt;li&gt;List item&lt;/li&gt;
&lt;li&gt;Another item&lt;/li&gt;
&lt;li&gt;And another item&lt;/li&gt;
&lt;/ul&gt;
&lt;h4 id=&#34;nested-list&#34;&gt;Nested list&lt;/h4&gt;
&lt;ul&gt;
&lt;li&gt;Fruit
&lt;ul&gt;
&lt;li&gt;Apple&lt;/li&gt;
&lt;li&gt;Orange&lt;/li&gt;
&lt;li&gt;Banana&lt;/li&gt;
&lt;/ul&gt;
&lt;/li&gt;
&lt;li&gt;Dairy
&lt;ul&gt;
&lt;li&gt;Milk&lt;/li&gt;
&lt;li&gt;Cheese&lt;/li&gt;
&lt;/ul&gt;
&lt;/li&gt;
&lt;/ul&gt;
&lt;h2 id=&#34;other-elements--abbr-sub-sup-kbd-mark&#34;&gt;Other Elements — abbr, sub, sup, kbd, mark&lt;/h2&gt;
&lt;p&gt;&lt;abbr title=&#34;Graphics Interchange Format&#34;&gt;GIF&lt;/abbr&gt; is a bitmap image format.&lt;/p&gt;
&lt;p&gt;H&lt;sub&gt;2&lt;/sub&gt;O&lt;/p&gt;
&lt;p&gt;X&lt;sup&gt;n&lt;/sup&gt; + Y&lt;sup&gt;n&lt;/sup&gt; = Z&lt;sup&gt;n&lt;/sup&gt;&lt;/p&gt;
&lt;p&gt;Press &lt;kbd&gt;&lt;kbd&gt;CTRL&lt;/kbd&gt;+&lt;kbd&gt;ALT&lt;/kbd&gt;+&lt;kbd&gt;Delete&lt;/kbd&gt;&lt;/kbd&gt; to end the session.&lt;/p&gt;
&lt;p&gt;Most &lt;mark&gt;salamanders&lt;/mark&gt; are nocturnal, and hunt for insects, worms, and other small creatures.&lt;/p&gt;
&lt;section class=&#34;footnotes&#34; role=&#34;doc-endnotes&#34;&gt;
&lt;hr&gt;
&lt;ol&gt;
&lt;li id=&#34;fn:1&#34; role=&#34;doc-endnote&#34;&gt;
&lt;p&gt;The above quote is excerpted from Rob Pike&#39;s &lt;a href=&#34;https://www.youtube.com/watch?v=PAAkCSZUG1c&#34;&gt;talk&lt;/a&gt; during Gopherfest, November 18, 2015. &lt;a href=&#34;#fnref:1&#34; class=&#34;footnote-backref&#34; role=&#34;doc-backlink&#34;&gt;&amp;#x21a9;&amp;#xfe0e;&lt;/a&gt;&lt;/p&gt;
&lt;/li&gt;
&lt;/ol&gt;
&lt;/section&gt;
        
      </description>
    </item>
    
  </channel>
</rss>
