<?xml version="1.0" encoding="utf-8" standalone="yes"?>
<rss version="2.0" xmlns:atom="http://www.w3.org/2005/Atom">
  <channel>
    <title>hive on JerrysBlog</title>
    <link>https://Jerrysmd.github.io/tags/hive/</link>
    <description>Recent content in hive on JerrysBlog</description>
    <generator>Hugo -- gohugo.io</generator>
    <lastBuildDate>Mon, 15 Jun 2020 09:26:00 +0800</lastBuildDate><atom:link href="https://Jerrysmd.github.io/tags/hive/index.xml" rel="self" type="application/rss+xml" />
    <item>
      <title>Hive 重点: Hive Key Points</title>
      <link>https://Jerrysmd.github.io/post/20200615hivekeypoint/hivekeypoint/</link>
      <pubDate>Mon, 15 Jun 2020 09:26:00 +0800</pubDate>
      
      <guid>https://Jerrysmd.github.io/post/20200615hivekeypoint/hivekeypoint/</guid>
      <description>
        
          
            &lt;p&gt;Hive is a Hadoop-based data warehouse tool that maps structured data files into a database table and provides complete SQL query functionality that converts SQL statements into MapReduce tasks for execution. It is very suitable for statistical analysis of data warehouse.&lt;/p&gt;
          
          
        
      </description>
    </item>
    
  </channel>
</rss>
