<?xml version="1.0" encoding="utf-8" standalone="yes"?>
<rss version="2.0" xmlns:atom="http://www.w3.org/2005/Atom">
  <channel>
    <title>NFS on JerrysBlog</title>
    <link>https://Jerrysmd.github.io/tags/nfs/</link>
    <description>Recent content in NFS on JerrysBlog</description>
    <generator>Hugo -- gohugo.io</generator>
    <lastBuildDate>Thu, 26 Mar 2020 11:02:36 +0800</lastBuildDate><atom:link href="https://Jerrysmd.github.io/tags/nfs/index.xml" rel="self" type="application/rss+xml" />
    <item>
      <title>HDFS &amp; NFS</title>
      <link>https://Jerrysmd.github.io/post/20200326hdfsnfs/hdfsnfs/</link>
      <pubDate>Thu, 26 Mar 2020 11:02:36 +0800</pubDate>
      
      <guid>https://Jerrysmd.github.io/post/20200326hdfsnfs/hdfsnfs/</guid>
      <description>
        
          
            &lt;p&gt;The major difference between the two is Replication/Fault Tolerance. HDFS was designed to survive failures. NFS does not have any fault tolerance built in. Other than fault tolerance, HDFS does support multiple replicas of files. This eliminates (or eases) the common bottleneck of many clients accessing a single file. Since files have multiple replicas, on different physical disks, reading performance scales better than NFS.&lt;/p&gt;
          
          
        
      </description>
    </item>
    
  </channel>
</rss>
