<?xml version="1.0" encoding="utf-8" standalone="yes"?>
<rss version="2.0" xmlns:atom="http://www.w3.org/2005/Atom">
  <channel>
    <title>hash on JerrysBlog</title>
    <link>https://Jerrysmd.github.io/tags/hash/</link>
    <description>Recent content in hash on JerrysBlog</description>
    <generator>Hugo -- gohugo.io</generator>
    <lastBuildDate>Thu, 05 Apr 2018 21:56:51 -0800</lastBuildDate><atom:link href="https://Jerrysmd.github.io/tags/hash/index.xml" rel="self" type="application/rss+xml" />
    <item>
      <title>C语言实现HashMap: C language realize HashMap</title>
      <link>https://Jerrysmd.github.io/post/20180405hashcode/hashcode/</link>
      <pubDate>Thu, 05 Apr 2018 21:56:51 -0800</pubDate>
      
      <guid>https://Jerrysmd.github.io/post/20180405hashcode/hashcode/</guid>
      <description>
        
          
            &lt;p&gt;哈希表是一种十分重要的数据结构，在很多应用场景下都有用到，本文会对哈希表原理进行简单的剖析，并使用C语言实现一个完整的HashMap。&lt;/p&gt;
          
          
        
      </description>
    </item>
    
  </channel>
</rss>
