<?xml version="1.0" encoding="utf-8" standalone="yes"?>
<rss version="2.0" xmlns:atom="http://www.w3.org/2005/Atom">
  <channel>
    <title>syntax on JerrysBlog</title>
    <link>https://Jerrysmd.github.io/categories/syntax/</link>
    <description>Recent content in syntax on JerrysBlog</description>
    <generator>Hugo -- gohugo.io</generator>
    <copyright>Copyright © 2008–2018, Steve Francia and the Hugo Authors; all rights reserved.</copyright>
    <lastBuildDate>Fri, 02 Oct 2020 00:00:00 +0000</lastBuildDate><atom:link href="https://Jerrysmd.github.io/categories/syntax/index.xml" rel="self" type="application/rss+xml" />
    <item>
      <title>Markdown Syntax Guide</title>
      <link>https://Jerrysmd.github.io/post/markdown-syntax/</link>
      <pubDate>Fri, 02 Oct 2020 00:00:00 +0000</pubDate>
      
      <guid>https://Jerrysmd.github.io/post/markdown-syntax/</guid>
      <description>&lt;p&gt;This article offers a sample of basic Markdown syntax that can be used in Hugo content files, also it shows whether basic HTML elements are decorated with CSS in a Hugo theme.&lt;/p&gt;</description>
    </item>
    
  </channel>
</rss>
