<?xml version="1.0" encoding="utf-8" standalone="yes"?>
<rss version="2.0" xmlns:atom="http://www.w3.org/2005/Atom">
  <channel>
    <title>Tag_name2 on JerrysBlog</title>
    <link>https://Jerrysmd.github.io/tags/tag_name2/</link>
    <description>Recent content in Tag_name2 on JerrysBlog</description>
    <generator>Hugo -- gohugo.io</generator>
    <lastBuildDate>Fri, 11 Sep 2020 10:57:33 +0800</lastBuildDate><atom:link href="https://Jerrysmd.github.io/tags/tag_name2/index.xml" rel="self" type="application/rss+xml" />
    <item>
      <title>Elasticsearch Wildcard Search</title>
      <link>https://Jerrysmd.github.io/post/20200911es-wildcard-search/es-wildcard-search/</link>
      <pubDate>Fri, 11 Sep 2020 10:57:33 +0800</pubDate>
      
      <guid>https://Jerrysmd.github.io/post/20200911es-wildcard-search/es-wildcard-search/</guid>
      <description>
        
          
            &lt;p&gt;Elasticsearch is the distributed, RESTful search and analytics engine at the heart of the &lt;a href=&#34;https://www.elastic.co/products&#34;&gt;Elastic Stack&lt;/a&gt;. You can use Elasticsearch to store, search, and manage data for Logs，Metrics，A search backend，Application monitoring，Endpoint security.&lt;/p&gt;
          
          
        
      </description>
    </item>
    
  </channel>
</rss>
