<?xml version="1.0" encoding="utf-8" standalone="yes"?>
<rss version="2.0" xmlns:atom="http://www.w3.org/2005/Atom">
  <channel>
    <title>C&#43;&#43; on JerrysBlog</title>
    <link>https://Jerrysmd.github.io/tags/c&#43;&#43;/</link>
    <description>Recent content in C&#43;&#43; on JerrysBlog</description>
    <generator>Hugo -- gohugo.io</generator>
    <lastBuildDate>Fri, 25 Jan 2019 22:01:19 -0800</lastBuildDate><atom:link href="https://Jerrysmd.github.io/tags/c++/index.xml" rel="self" type="application/rss+xml" />
    <item>
      <title>动态链接和静态链接: Dynamic link library and static link library</title>
      <link>https://Jerrysmd.github.io/post/20190125dynamicstaticlinklibrary/dynamicstaticlinklibrary/</link>
      <pubDate>Fri, 25 Jan 2019 22:01:19 -0800</pubDate>
      
      <guid>https://Jerrysmd.github.io/post/20190125dynamicstaticlinklibrary/dynamicstaticlinklibrary/</guid>
      <description>
        
          
            &lt;p&gt;开发中，我们只需要知道lib是编译时需要的，dll是运行时需要的。如果要完成源代码的编译，有lib就够了。如果要使动态连接的程序运行起来，有dll就够了。本文会更加清晰的了解二者的区别、生成、使用。&lt;/p&gt;
          
          
        
      </description>
    </item>
    
    <item>
      <title>Makefile Guide</title>
      <link>https://Jerrysmd.github.io/post/20180915makefile_cmakelist/makefile_cmakelist/</link>
      <pubDate>Sat, 15 Sep 2018 21:59:46 -0800</pubDate>
      
      <guid>https://Jerrysmd.github.io/post/20180915makefile_cmakelist/makefile_cmakelist/</guid>
      <description>
        
          
            &lt;p&gt;Makefile定义了一系列的规则来指定，哪些文件需要先编译，哪些文件需要后编译，哪些文件需要重新编译，甚至于进行更复杂的功能操作，因为makefile就像一个Shell脚本一样，其中也可以执行操作系统的命令。makefile带来的好处就是——“自动化编译”，整个工程完全自动编译，极大的提高了软件开发的效率。&lt;/p&gt;
          
          
        
      </description>
    </item>
    
    <item>
      <title>Hyperscan: high-performance multiple regex matching library</title>
      <link>https://Jerrysmd.github.io/post/20180812hyperscan/hyperscan/</link>
      <pubDate>Sun, 12 Aug 2018 05:42:44 -0700</pubDate>
      
      <guid>https://Jerrysmd.github.io/post/20180812hyperscan/hyperscan/</guid>
      <description>
        
          
            &lt;p&gt;Hyperscan是一款来自于Intel的高性能的正则表达式匹配库。它是基于X86平台以PCRE为原型而开发的。在支持PCRE的大部分语法的前提下，Hyperscan增加了特定的语法和工作模式来保证其在真实网络场景下的实用性。&lt;/p&gt;
          
          
        
      </description>
    </item>
    
  </channel>
</rss>
