<?xml version="1.0" encoding="utf-8" standalone="yes"?>
<rss version="2.0" xmlns:atom="http://www.w3.org/2005/Atom">
  <channel>
    <title>python on JerrysBlog</title>
    <link>https://Jerrysmd.github.io/tags/python/</link>
    <description>Recent content in python on JerrysBlog</description>
    <generator>Hugo -- gohugo.io</generator>
    <lastBuildDate>Fri, 10 May 2019 09:34:11 +0800</lastBuildDate><atom:link href="https://Jerrysmd.github.io/tags/python/index.xml" rel="self" type="application/rss+xml" />
    <item>
      <title>Python Introduction</title>
      <link>https://Jerrysmd.github.io/post/20190510pythonintroduction/pythonintroduction/</link>
      <pubDate>Fri, 10 May 2019 09:34:11 +0800</pubDate>
      
      <guid>https://Jerrysmd.github.io/post/20190510pythonintroduction/pythonintroduction/</guid>
      <description>
        
          
            &lt;p&gt;Python is dynamically-typed and garbage-collected. It supports multiple programming paradigms, including structured (particularly, procedural), object-oriented and functional programming. Python is often described as a &amp;quot;batteries included&amp;quot; language due to its comprehensive standard library.&lt;/p&gt;
          
          
        
      </description>
    </item>
    
  </channel>
</rss>
