<?xml version="1.0" encoding="utf-8" standalone="yes"?>
<rss version="2.0" xmlns:atom="http://www.w3.org/2005/Atom">
  <channel>
    <title>datawarehouse on JerrysBlog</title>
    <link>https://Jerrysmd.github.io/tags/datawarehouse/</link>
    <description>Recent content in datawarehouse on JerrysBlog</description>
    <generator>Hugo -- gohugo.io</generator>
    <lastBuildDate>Fri, 08 Jan 2021 09:43:01 +0800</lastBuildDate><atom:link href="https://Jerrysmd.github.io/tags/datawarehouse/index.xml" rel="self" type="application/rss+xml" />
    <item>
      <title>Data Warehouse: Behavior Collection</title>
      <link>https://Jerrysmd.github.io/post/20210108_dw_behavior_collection/article/</link>
      <pubDate>Fri, 08 Jan 2021 09:43:01 +0800</pubDate>
      
      <guid>https://Jerrysmd.github.io/post/20210108_dw_behavior_collection/article/</guid>
      <description>
        
          
            &lt;p&gt;Data warehouse is a system that pulls together data derived from operational systems and external data sources within an organization for reporting and analysis. A data warehouse is a central repository of information that provides users with current and historical decision support information.&lt;/p&gt;
          
          
        
      </description>
    </item>
    
  </channel>
</rss>
