<?xml version="1.0" encoding="utf-8" standalone="yes"?>
<rss version="2.0" xmlns:atom="http://www.w3.org/2005/Atom">
  <channel>
    <title>protocol on JerrysBlog</title>
    <link>https://Jerrysmd.github.io/tags/protocol/</link>
    <description>Recent content in protocol on JerrysBlog</description>
    <generator>Hugo -- gohugo.io</generator>
    <copyright>Copyright © 2008–2018, Steve Francia and the Hugo Authors; all rights reserved.</copyright>
    <lastBuildDate>Wed, 18 Nov 2020 10:59:38 +0800</lastBuildDate><atom:link href="https://Jerrysmd.github.io/tags/protocol/index.xml" rel="self" type="application/rss+xml" />
    <item>
      <title>移动通信网络中的GTP协议: The GTP protocol in mobile communication networks</title>
      <link>https://Jerrysmd.github.io/post/20201118gtp/</link>
      <pubDate>Wed, 18 Nov 2020 10:59:38 +0800</pubDate>
      
      <guid>https://Jerrysmd.github.io/post/20201118gtp/</guid>
      <description>&lt;p&gt;GTP（GPRS Tunnelling Protocol，GPRS 隧道协议）是一组基于 IP 的通信协议，用于 GSM、UMTS 和 EPS 网络中承载 GPRS（General Packet Radio Service，通用分组无线业务）。&lt;/p&gt;</description>
    </item>
    
  </channel>
</rss>
