<?xml version="1.0" encoding="utf-8" standalone="yes"?>
<rss version="2.0" xmlns:atom="http://www.w3.org/2005/Atom">
  <channel>
    <title>leetcode on JerrysBlog</title>
    <link>https://Jerrysmd.github.io/tags/leetcode/</link>
    <description>Recent content in leetcode on JerrysBlog</description>
    <generator>Hugo -- gohugo.io</generator>
    <lastBuildDate>Wed, 01 Jan 2020 10:57:11 +0800</lastBuildDate><atom:link href="https://Jerrysmd.github.io/tags/leetcode/index.xml" rel="self" type="application/rss+xml" />
    <item>
      <title>Algorithm</title>
      <link>https://Jerrysmd.github.io/post/20200101leetcode/leetcode/</link>
      <pubDate>Wed, 01 Jan 2020 10:57:11 +0800</pubDate>
      
      <guid>https://Jerrysmd.github.io/post/20200101leetcode/leetcode/</guid>
      <description>
        
          
            &lt;p&gt;Algorithms are used in every part of computer science. They form the field&#39;s backbone. In computer science, an algorithm gives the computer a specific set of instructions, which allows the computer to do everything, be it running a calculator or running a rocket.&lt;/p&gt;
          
          
        
      </description>
    </item>
    
  </channel>
</rss>
