<?xml version="1.0" encoding="utf-8" standalone="yes"?>
<rss version="2.0" xmlns:atom="http://www.w3.org/2005/Atom">
  <channel>
    <title>life on JerrysBlog</title>
    <link>https://Jerrysmd.github.io/categories/life/</link>
    <description>Recent content in life on JerrysBlog</description>
    <generator>Hugo -- gohugo.io</generator>
    <lastBuildDate>Mon, 24 May 2021 18:27:48 +0800</lastBuildDate><atom:link href="https://Jerrysmd.github.io/categories/life/index.xml" rel="self" type="application/rss+xml" />
    <item>
      <title>Lifetest2</title>
      <link>https://Jerrysmd.github.io/post/20210524lifetest2/lifetest2/</link>
      <pubDate>Mon, 24 May 2021 18:27:48 +0800</pubDate>
      
      <guid>https://Jerrysmd.github.io/post/20210524lifetest2/lifetest2/</guid>
      <description>
        
          &lt;p&gt;This is a test paragraph，only for test use. This is a test paragraph，only for test use. This is a test paragraph，only for test use. This is a test paragraph，only for test use. This is a test paragraph，only for test use. This is a test paragraph，only for test use.&lt;/p&gt;
&lt;p&gt;This is a test paragraph，only for test use. This is a test paragraph，only for test use. This is a test paragraph，only for test use. This is a test paragraph，only for test use. This is a test paragraph，only for test use.&lt;/p&gt;
        
      </description>
    </item>
    
  </channel>
</rss>
