<?xml version="1.0" encoding="utf-8" standalone="yes"?>
<rss version="2.0" xmlns:atom="http://www.w3.org/2005/Atom">
  <channel>
    <title>scala on JerrysBlog</title>
    <link>https://Jerrysmd.github.io/tags/scala/</link>
    <description>Recent content in scala on JerrysBlog</description>
    <generator>Hugo -- gohugo.io</generator>
    <lastBuildDate>Sat, 08 Feb 2020 10:16:17 +0800</lastBuildDate><atom:link href="https://Jerrysmd.github.io/tags/scala/index.xml" rel="self" type="application/rss+xml" />
    <item>
      <title>Scala 简介: Scala Introduction</title>
      <link>https://Jerrysmd.github.io/post/20200208scalaintroduction/scalaintroduction/</link>
      <pubDate>Sat, 08 Feb 2020 10:16:17 +0800</pubDate>
      
      <guid>https://Jerrysmd.github.io/post/20200208scalaintroduction/scalaintroduction/</guid>
      <description>
        
          
            &lt;p&gt;Scala combines object-oriented and functional programming in one concise, high-level language. Scala&#39;s static types help avoid bugs in complex applications, and its JVM and JavaScript runtimes let you build high-performance systems with easy access to huge ecosystems of libraries.&lt;/p&gt;
          
          
        
      </description>
    </item>
    
  </channel>
</rss>
