<?xml version="1.0" encoding="utf-8" standalone="yes"?>
<rss version="2.0" xmlns:atom="http://www.w3.org/2005/Atom">
  <channel>
    <title>Categories on JerrysBlog</title>
    <link>https://Jerrysmd.github.io/categories/</link>
    <description>Recent content in Categories on JerrysBlog</description>
    <generator>Hugo -- gohugo.io</generator>
    <lastBuildDate>Fri, 08 Jan 2021 09:43:01 +0800</lastBuildDate><atom:link href="https://Jerrysmd.github.io/categories/index.xml" rel="self" type="application/rss+xml" />
  </channel>
</rss>
