<?xml version="1.0" encoding="utf-8" standalone="yes"?>
<rss version="2.0" xmlns:atom="http://www.w3.org/2005/Atom">
  <channel>
    <title>Guia de Temas on JerrysBlog</title>
    <link>https://Jerrysmd.github.io/series/guia-de-temas/</link>
    <description>Recent content in Guia de Temas on JerrysBlog</description>
    <generator>Hugo -- gohugo.io</generator>
    <copyright>Copyright © 2008–2018, Steve Francia and the Hugo Authors; all rights reserved.</copyright>
    <lastBuildDate>Wed, 30 Sep 2020 00:00:00 +0000</lastBuildDate><atom:link href="https://Jerrysmd.github.io/series/guia-de-temas/index.xml" rel="self" type="application/rss+xml" />
    <item>
      <title>Guia de Sintaxe Markdown</title>
      <link>https://Jerrysmd.github.io/post/markdown-syntax.pt/</link>
      <pubDate>Wed, 30 Sep 2020 00:00:00 +0000</pubDate>
      
      <guid>https://Jerrysmd.github.io/post/markdown-syntax.pt/</guid>
      <description>&lt;p&gt;&lt;strong&gt;Este artigo oferece um exemplo básico de uma tradução em Português. O restante conteúdo não foi traduzido.&lt;/strong&gt;&lt;/p&gt;
&lt;p&gt;Artigo original: https://Jerrysmd.github.io/post/markdown-syntax/&lt;/p&gt;
&lt;p&gt;This article offers a sample of basic Markdown syntax that can be used in Hugo content files, also it shows whether basic HTML elements are decorated with CSS in a Hugo theme.&lt;/p&gt;</description>
    </item>
    
  </channel>
</rss>
