<?xml version="1.0" encoding="utf-8" standalone="yes"?>
<rss version="2.0" xmlns:atom="http://www.w3.org/2005/Atom">
  <channel>
    <title>git on JerrysBlog</title>
    <link>https://Jerrysmd.github.io/tags/git/</link>
    <description>Recent content in git on JerrysBlog</description>
    <generator>Hugo -- gohugo.io</generator>
    <lastBuildDate>Tue, 26 Nov 2019 11:22:47 +0800</lastBuildDate><atom:link href="https://Jerrysmd.github.io/tags/git/index.xml" rel="self" type="application/rss+xml" />
    <item>
      <title>Git Contribution</title>
      <link>https://Jerrysmd.github.io/post/20191126gitcontribution/gitcontribution/</link>
      <pubDate>Tue, 26 Nov 2019 11:22:47 +0800</pubDate>
      
      <guid>https://Jerrysmd.github.io/post/20191126gitcontribution/gitcontribution/</guid>
      <description>
        
          
            &lt;p&gt;Contribution graph shows activity from public repositories. You can choose to show activity from both public and private repositories, with specific details of your activity in private repositories anonymized.&lt;/p&gt;
          
          
        
      </description>
    </item>
    
  </channel>
</rss>
