<?xml version="1.0" encoding="utf-8" standalone="yes"?>
<rss version="2.0" xmlns:atom="http://www.w3.org/2005/Atom">
  <channel>
    <title>kafka on JerrysBlog</title>
    <link>https://Jerrysmd.github.io/tags/kafka/</link>
    <description>Recent content in kafka on JerrysBlog</description>
    <generator>Hugo -- gohugo.io</generator>
    <lastBuildDate>Mon, 27 Apr 2020 14:21:19 +0800</lastBuildDate><atom:link href="https://Jerrysmd.github.io/tags/kafka/index.xml" rel="self" type="application/rss+xml" />
    <item>
      <title>KAFKA和消息队列: Kafka &amp; Message Queue</title>
      <link>https://Jerrysmd.github.io/post/20200427kafka/kafka/</link>
      <pubDate>Mon, 27 Apr 2020 14:21:19 +0800</pubDate>
      
      <guid>https://Jerrysmd.github.io/post/20200427kafka/kafka/</guid>
      <description>
        
          
            &lt;p&gt;Apache Kafka aims to provide a unified, high-throughput, low-latency platform for handling real-time data feeds. Kafka can connect to external systems (for data import/export) via Kafka Connect and provides Kafka Streams, a Java stream processing library. Kafka uses a binary TCP-based protocol that is optimized for efficiency and relies on a &amp;quot;message set&amp;quot; abstraction that naturally groups messages together to reduce the overhead of the network roundtrip. This &amp;quot;leads to larger network packets, larger sequential disk operations, contiguous memory blocks [...] which allows Kafka to turn a bursty stream of random message writes into linear writes.&amp;quot;&lt;/p&gt;
          
          
        
      </description>
    </item>
    
  </channel>
</rss>
