<?xml version="1.0" encoding="utf-8" standalone="yes"?>
<rss version="2.0" xmlns:atom="http://www.w3.org/2005/Atom">
  <channel>
    <title>zookeeper on JerrysBlog</title>
    <link>https://Jerrysmd.github.io/tags/zookeeper/</link>
    <description>Recent content in zookeeper on JerrysBlog</description>
    <generator>Hugo -- gohugo.io</generator>
    <lastBuildDate>Tue, 19 May 2020 16:07:17 +0800</lastBuildDate><atom:link href="https://Jerrysmd.github.io/tags/zookeeper/index.xml" rel="self" type="application/rss+xml" />
    <item>
      <title>Zookeeper核心知识点: Key points of ZooKeeper</title>
      <link>https://Jerrysmd.github.io/post/20200519zookeeper/zookeeper/</link>
      <pubDate>Tue, 19 May 2020 16:07:17 +0800</pubDate>
      
      <guid>https://Jerrysmd.github.io/post/20200519zookeeper/zookeeper/</guid>
      <description>
        
          
            &lt;p&gt;ZooKeeper is an open source distributed coordination framework. It is positioned to provide consistent services for distributed applications and is the administrator of the entire big data system. ZooKeeper will encapsulate key services that are complex and error-prone, and provide users with efficient, stable, and easy-to-use services.&lt;/p&gt;
          
          
        
      </description>
    </item>
    
  </channel>
</rss>
