<?xml version="1.0" encoding="utf-8" standalone="yes"?>
<rss version="2.0" xmlns:atom="http://www.w3.org/2005/Atom">
  <channel>
    <title>index on JerrysBlog</title>
    <link>https://Jerrysmd.github.io/tags/index/</link>
    <description>Recent content in index on JerrysBlog</description>
    <generator>Hugo -- gohugo.io</generator>
    <copyright>Copyright © 2008–2018, Steve Francia and the Hugo Authors; all rights reserved.</copyright><atom:link href="https://Jerrysmd.github.io/tags/index/index.xml" rel="self" type="application/rss+xml" />
    <item>
      <title>Posts</title>
      <link>https://Jerrysmd.github.io/post/</link>
      <pubDate>Tue, 17 Nov 2020 09:22:18 +0800</pubDate>
      
      <guid>https://Jerrysmd.github.io/post/</guid>
      <description></description>
    </item>
    
  </channel>
</rss>
